{
  "installed": {
    "client_id": "394181001039-5olrdb7ed9lh04aumh64nm8pks8u4go8.apps.googleusercontent.com",
    "project_id": "overture-2504052",
    "auth_uri": "https://accounts.google.com/o/oauth2/auth",
    "token_uri": "https://oauth2.googleapis.com/token",
    "auth_provider_x509_cert_url": "https://www.googleapis.com/oauth2/v1/certs",
    "client_secret": "bGiwGYewSZ3um6JQyLuLiaw6",
    "redirect_uris": [
      "urn:ietf:wg:oauth:2.0:oob",
      "http://localhost"
    ]
  }
}