{
  "Power": "08",
  "Monitor On": "C4",
  "Monitor Off": "C5",
  "Input": "0B",
  "Digit 0": "10",
  "Digit 1": "11",
  "Digit 2": "12",
  "Digit 3": "13",
  "Digit 4": "14",
  "Digit 5": "15",
  "Digit 6": "16",
  "Digit 7": "17",
  "Digit 8": "18",
  "Digit 9": "19",
  "Clear": "2F",
  "Channel Up": "00",
  "Channel Down": "01",
  "Volume Up": "02",
  "Volume Down": "03",
  "Mute": "09",
  "Settings": "43",
  "Up": "40",
  "Down": "41",
  "Left": "07",
  "Right": "06",
  "Ok": "44",
  "Back": "28",
  "Exit": "5B",
  "Info": "AA",
  "Brightness Up": "E0",
  "Brightness Down": "E1",
  "PSM": "4D",
  "White Balance": "5F",
  "1/a/A": "32",
  "3D": "DC",
  "ARC": "79",
  "Auto": "99",
  "Energy Saving": "95",
  "Simplink": "7E",
  "Tile": "7B",
  "Stop": "B1",
  "Play": "B0",
  "Pause": "BA",
  "Rewind": "8F",
  "Fast-Forward": "8E",
  "Red Key": "72",
  "Green Key": "71",
  "Yellow Key": "63",
  "Blue Key": "61"
}